action,budget,attempted,successful,failed,flips,attack_successes,attack_success_rate,mean_delta_probability,mean_absolute_delta_probability,max_absolute_delta_probability,mean_applied_count
winner_xfg_edge_attack,1,30,30,0,3,3,0.1,-0.0413300758828121,0.0995306492201537,0.8234629184007645,1.0
winner_xfg_edge_attack,3,30,30,0,7,7,0.23333333333333334,-0.04289158888683557,0.1580071931222308,0.9312402531504631,3.0
winner_xfg_edge_attack,5,30,30,0,4,4,0.13333333333333333,-0.011656806876875954,0.1590523700462035,0.9699884318979457,5.0
winner_xfg_feature_mask,1,30,30,0,3,3,0.1,-0.01057389195217003,0.11648458160740263,0.8870771009242162,1.0
winner_xfg_feature_mask,3,30,30,0,4,4,0.13333333333333333,-0.03955866054903866,0.12021243066261285,0.8874868648126721,2.966666666666667
winner_xfg_feature_mask,5,30,30,0,4,4,0.13333333333333333,-0.037753738255573405,0.12564164137768535,0.8990591557456042,4.5
targeted_subgraph_injection,1,30,30,0,2,2,0.06666666666666667,0.005698516402683181,0.12057997544368523,0.7186484336853027,1.0
targeted_subgraph_injection,3,30,30,0,2,2,0.06666666666666667,-0.02034786666293842,0.11383185138363909,0.9573744796216488,3.0
targeted_subgraph_injection,5,30,30,0,2,2,0.06666666666666667,-0.02062468402882779,0.13805129978952074,0.9923902056179941,5.0
