sample,function,status,label,prob,nodes,edges,xfg_count
00_codexglue_devign_9763,decode_frame_common,success,0,0.0005112718208692968,1152,2411,50
01_codexglue_devign_10453,uhci_handle_td,success,0,0.07370010763406754,426,932,18
02_codexglue_devign_15133,unknown,success,0,9.413681712603142e-16,192,490,4
03_codexglue_devign_14215,gen_cas_asi,failed,,,,,0
04_codexglue_devign_13727,emulate_spapr_hypercall,success,0,0.002569464733824134,45,77,2
05_codexglue_devign_6599,preallocate,success,0,4.58755812360323e-06,243,490,4
06_codexglue_devign_15513,tta_decode_init,success,0,5.729157419409603e-05,67,130,4
07_codexglue_devign_4012,mpeg1_decode_sequence,success,1,0.8989209532737732,698,1523,55
08_codexglue_devign_17947,vmdk_parent_open,success,0,1.5069810288537155e-08,263,536,17
09_codexglue_devign_25916,spr_write_ibatl,success,0,0.45641884207725525,44,80,1
