sample,action,budget,function,true_label,target_label,status,base_label,variant_label,flipped,attack_success,base_prob,variant_prob,delta_probability,base_nodes,variant_nodes,delta_nodes,base_edges,variant_edges,delta_edges,base_xfg_count,variant_xfg_count,winner_category,winner_key_line,winner_raw_nodes,winner_nodes,winner_fallback,applied_count,runtime_ms,operations,error
01_vulnerable_989,winner_xfg_edge_attack,1,stonesoup_setup_printf_context,1,0,success,1,1,False,False,1.0,1.0,0.0,537,537,0,882,881,-1,201,201,call,996,6,6,winner_xfg,1,610.2847890000476,"[{""step"": 1, ""action"": ""winner_xfg_edge_attack"", ""target_nodes"": [996, 1004], ""removed_edges"": [[996, 1004, ""d""]], ""added_edges"": [], ""details"": ""cut winner-XFG d edge 996->1004 to reduce the vulnerable score""}]",
01_vulnerable_989,winner_xfg_edge_attack,3,stonesoup_setup_printf_context,1,0,success,1,1,False,False,1.0,1.0,0.0,537,537,0,882,879,-3,201,201,call,996,6,6,winner_xfg,3,506.23926699995536,"[{""step"": 1, ""action"": ""winner_xfg_edge_attack"", ""target_nodes"": [996, 1004], ""removed_edges"": [[996, 1004, ""d""]], ""added_edges"": [], ""details"": ""cut winner-XFG d edge 996->1004 to reduce the vulnerable score""}, {""step"": 2, ""action"": ""winner_xfg_edge_attack"", ""target_nodes"": [989, 996], ""removed_edges"": [[989, 996, ""d""]], ""added_edges"": [], ""details"": ""cut winner-XFG d edge 989->996 to reduce the vulnerable score""}, {""step"": 3, ""action"": ""winner_xfg_edge_attack"", ""target_nodes"": [996, 1001], ""removed_edges"": [[996, 1001, ""d""]], ""added_edges"": [], ""details"": ""cut winner-XFG d edge 996->1001 to reduce the vulnerable score""}]",
01_vulnerable_989,winner_xfg_edge_attack,5,stonesoup_setup_printf_context,1,0,success,1,1,False,False,1.0,1.0,0.0,537,537,0,882,877,-5,201,201,call,996,6,6,winner_xfg,5,511.51007099997514,"[{""step"": 1, ""action"": ""winner_xfg_edge_attack"", ""target_nodes"": [996, 1004], ""removed_edges"": [[996, 1004, ""d""]], ""added_edges"": [], ""details"": ""cut winner-XFG d edge 996->1004 to reduce the vulnerable score""}, {""step"": 2, ""action"": ""winner_xfg_edge_attack"", ""target_nodes"": [989, 996], ""removed_edges"": [[989, 996, ""d""]], ""added_edges"": [], ""details"": ""cut winner-XFG d edge 989->996 to reduce the vulnerable score""}, {""step"": 3, ""action"": ""winner_xfg_edge_attack"", ""target_nodes"": [996, 1001], ""removed_edges"": [[996, 1001, ""d""]], ""added_edges"": [], ""details"": ""cut winner-XFG d edge 996->1001 to reduce the vulnerable score""}, {""step"": 4, ""action"": ""winner_xfg_edge_attack"", ""target_nodes"": [1008, 1008], ""removed_edges"": [[1008, 1008, ""d""]], ""added_edges"": [], ""details"": ""cut winner-XFG d edge 1008->1008 to reduce the vulnerable score""}, {""step"": 5, ""action"": ""winner_xfg_edge_attack"", ""target_nodes"": [1004, 1008], ""removed_edges"": [[1004, 1008, ""d""]], ""added_edges"": [], ""details"": ""cut winner-XFG d edge 1004->1008 to reduce the vulnerable score""}]",
01_vulnerable_989,winner_xfg_feature_mask,1,stonesoup_setup_printf_context,1,0,success,1,1,False,False,1.0,0.9999439716339111,-5.602836608886719e-05,537,537,0,882,882,0,201,201,call,996,6,6,winner_xfg,1,519.4781850000254,"[{""step"": 1, ""action"": ""winner_xfg_feature_mask"", ""target_nodes"": [1001], ""removed_edges"": [], ""added_edges"": [], ""details"": ""remapped winner-XFG node 1001 from source line 1001 to neutral line 50""}]",
01_vulnerable_989,winner_xfg_feature_mask,3,stonesoup_setup_printf_context,1,0,success,1,1,False,False,1.0,0.9991095662117004,-0.0008904337882995605,537,537,0,882,882,0,201,201,call,996,6,6,winner_xfg,3,539.031743999999,"[{""step"": 1, ""action"": ""winner_xfg_feature_mask"", ""target_nodes"": [1001], ""removed_edges"": [], ""added_edges"": [], ""details"": ""remapped winner-XFG node 1001 from source line 1001 to neutral line 50""}, {""step"": 2, ""action"": ""winner_xfg_feature_mask"", ""target_nodes"": [980], ""removed_edges"": [], ""added_edges"": [], ""details"": ""remapped winner-XFG node 980 from source line 980 to neutral line 50""}, {""step"": 3, ""action"": ""winner_xfg_feature_mask"", ""target_nodes"": [983], ""removed_edges"": [], ""added_edges"": [], ""details"": ""remapped winner-XFG node 983 from source line 983 to neutral line 50""}]",
01_vulnerable_989,winner_xfg_feature_mask,5,stonesoup_setup_printf_context,1,0,success,1,1,False,False,1.0,0.9364205598831177,-0.06357944011688232,537,537,0,882,882,0,201,201,call,996,6,6,winner_xfg,5,532.5364920000766,"[{""step"": 1, ""action"": ""winner_xfg_feature_mask"", ""target_nodes"": [1001], ""removed_edges"": [], ""added_edges"": [], ""details"": ""remapped winner-XFG node 1001 from source line 1001 to neutral line 50""}, {""step"": 2, ""action"": ""winner_xfg_feature_mask"", ""target_nodes"": [980], ""removed_edges"": [], ""added_edges"": [], ""details"": ""remapped winner-XFG node 980 from source line 980 to neutral line 50""}, {""step"": 3, ""action"": ""winner_xfg_feature_mask"", ""target_nodes"": [983], ""removed_edges"": [], ""added_edges"": [], ""details"": ""remapped winner-XFG node 983 from source line 983 to neutral line 50""}, {""step"": 4, ""action"": ""winner_xfg_feature_mask"", ""target_nodes"": [985], ""removed_edges"": [], ""added_edges"": [], ""details"": ""remapped winner-XFG node 985 from source line 985 to neutral line 50""}, {""step"": 5, ""action"": ""winner_xfg_feature_mask"", ""target_nodes"": [982], ""removed_edges"": [], ""added_edges"": [], ""details"": ""remapped winner-XFG node 982 from source line 982 to neutral line 50""}]",
01_vulnerable_989,targeted_subgraph_injection,1,stonesoup_setup_printf_context,1,0,success,1,1,False,False,1.0,1.0,0.0,537,540,3,882,886,4,201,201,call,996,6,6,winner_xfg,1,512.2790050000958,"[{""step"": 1, ""action"": ""targeted_subgraph_injection"", ""target_nodes"": [1004, -1, -2, -3, 996], ""removed_edges"": [], ""added_edges"": [[1004, -1, ""d""], [-1, -2, ""d""], [-2, -3, ""c""], [-3, 996, ""d""]], ""details"": ""injected a three-node neutral-feature motif around winner key line 996""}]",
01_vulnerable_989,targeted_subgraph_injection,3,stonesoup_setup_printf_context,1,0,success,1,1,False,False,1.0,1.0,0.0,537,546,9,882,894,12,201,201,call,996,6,6,winner_xfg,3,638.6427149999463,"[{""step"": 1, ""action"": ""targeted_subgraph_injection"", ""target_nodes"": [1004, -1, -2, -3, 996], ""removed_edges"": [], ""added_edges"": [[1004, -1, ""d""], [-1, -2, ""d""], [-2, -3, ""c""], [-3, 996, ""d""]], ""details"": ""injected a three-node neutral-feature motif around winner key line 996""}, {""step"": 2, ""action"": ""targeted_subgraph_injection"", ""target_nodes"": [1004, -4, -5, -6, 996], ""removed_edges"": [], ""added_edges"": [[1004, -4, ""d""], [-4, -5, ""d""], [-5, -6, ""c""], [-6, 996, ""d""]], ""details"": ""injected a three-node neutral-feature motif around winner key line 996""}, {""step"": 3, ""action"": ""targeted_subgraph_injection"", ""target_nodes"": [1004, -7, -8, -9, 996], ""removed_edges"": [], ""added_edges"": [[1004, -7, ""d""], [-7, -8, ""d""], [-8, -9, ""c""], [-9, 996, ""d""]], ""details"": ""injected a three-node neutral-feature motif around winner key line 996""}]",
01_vulnerable_989,targeted_subgraph_injection,5,stonesoup_setup_printf_context,1,0,success,1,1,False,False,1.0,1.0,0.0,537,552,15,882,902,20,201,201,call,996,6,6,winner_xfg,5,640.427184000032,"[{""step"": 1, ""action"": ""targeted_subgraph_injection"", ""target_nodes"": [1004, -1, -2, -3, 996], ""removed_edges"": [], ""added_edges"": [[1004, -1, ""d""], [-1, -2, ""d""], [-2, -3, ""c""], [-3, 996, ""d""]], ""details"": ""injected a three-node neutral-feature motif around winner key line 996""}, {""step"": 2, ""action"": ""targeted_subgraph_injection"", ""target_nodes"": [1004, -4, -5, -6, 996], ""removed_edges"": [], ""added_edges"": [[1004, -4, ""d""], [-4, -5, ""d""], [-5, -6, ""c""], [-6, 996, ""d""]], ""details"": ""injected a three-node neutral-feature motif around winner key line 996""}, {""step"": 3, ""action"": ""targeted_subgraph_injection"", ""target_nodes"": [1004, -7, -8, -9, 996], ""removed_edges"": [], ""added_edges"": [[1004, -7, ""d""], [-7, -8, ""d""], [-8, -9, ""c""], [-9, 996, ""d""]], ""details"": ""injected a three-node neutral-feature motif around winner key line 996""}, {""step"": 4, ""action"": ""targeted_subgraph_injection"", ""target_nodes"": [1004, -10, -11, -12, 996], ""removed_edges"": [], ""added_edges"": [[1004, -10, ""d""], [-10, -11, ""d""], [-11, -12, ""c""], [-12, 996, ""d""]], ""details"": ""injected a three-node neutral-feature motif around winner key line 996""}, {""step"": 5, ""action"": ""targeted_subgraph_injection"", ""target_nodes"": [1004, -13, -14, -15, 996], ""removed_edges"": [], ""added_edges"": [[1004, -13, ""d""], [-13, -14, ""d""], [-14, -15, ""c""], [-15, 996, ""d""]], ""details"": ""injected a three-node neutral-feature motif around winner key line 996""}]",
02_vulnerable_4064,winner_xfg_edge_attack,1,stonesoup_setup_printf_context,1,0,success,1,1,False,False,1.0,1.0,0.0,1848,1848,0,5961,5960,-1,1064,1064,call,4078,12,12,winner_xfg,1,8795.864852000022,"[{""step"": 1, ""action"": ""winner_xfg_edge_attack"", ""target_nodes"": [4059, 4078], ""removed_edges"": [[4059, 4078, ""c""]], ""added_edges"": [], ""details"": ""cut winner-XFG c edge 4059->4078 to reduce the vulnerable score""}]",
02_vulnerable_4064,winner_xfg_edge_attack,3,stonesoup_setup_printf_context,1,0,success,1,1,False,False,1.0,1.0,0.0,1848,1848,0,5961,5958,-3,1064,1064,call,4078,12,12,winner_xfg,3,8514.874472999963,"[{""step"": 1, ""action"": ""winner_xfg_edge_attack"", ""target_nodes"": [4059, 4078], ""removed_edges"": [[4059, 4078, ""c""]], ""added_edges"": [], ""details"": ""cut winner-XFG c edge 4059->4078 to reduce the vulnerable score""}, {""step"": 2, ""action"": ""winner_xfg_edge_attack"", ""target_nodes"": [4066, 4078], ""removed_edges"": [[4066, 4078, ""d""]], ""added_edges"": [], ""details"": ""cut winner-XFG d edge 4066->4078 to reduce the vulnerable score""}, {""step"": 3, ""action"": ""winner_xfg_edge_attack"", ""target_nodes"": [4078, 4079], ""removed_edges"": [[4078, 4079, ""d""]], ""added_edges"": [], ""details"": ""cut winner-XFG d edge 4078->4079 to reduce the vulnerable score""}]",
02_vulnerable_4064,winner_xfg_edge_attack,5,stonesoup_setup_printf_context,1,0,success,1,1,False,False,1.0,1.0,0.0,1848,1848,0,5961,5956,-5,1064,1064,call,4078,12,12,winner_xfg,5,8089.018536999902,"[{""step"": 1, ""action"": ""winner_xfg_edge_attack"", ""target_nodes"": [4059, 4078], ""removed_edges"": [[4059, 4078, ""c""]], ""added_edges"": [], ""details"": ""cut winner-XFG c edge 4059->4078 to reduce the vulnerable score""}, {""step"": 2, ""action"": ""winner_xfg_edge_attack"", ""target_nodes"": [4066, 4078], ""removed_edges"": [[4066, 4078, ""d""]], ""added_edges"": [], ""details"": ""cut winner-XFG d edge 4066->4078 to reduce the vulnerable score""}, {""step"": 3, ""action"": ""winner_xfg_edge_attack"", ""target_nodes"": [4078, 4079], ""removed_edges"": [[4078, 4079, ""d""]], ""added_edges"": [], ""details"": ""cut winner-XFG d edge 4078->4079 to reduce the vulnerable score""}, {""step"": 4, ""action"": ""winner_xfg_edge_attack"", ""target_nodes"": [4059, 4059], ""removed_edges"": [[4059, 4059, ""c""]], ""added_edges"": [], ""details"": ""cut winner-XFG c edge 4059->4059 to reduce the vulnerable score""}, {""step"": 5, ""action"": ""winner_xfg_edge_attack"", ""target_nodes"": [4059, 4066], ""removed_edges"": [[4059, 4066, ""c""]], ""added_edges"": [], ""details"": ""cut winner-XFG c edge 4059->4066 to reduce the vulnerable score""}]",
02_vulnerable_4064,winner_xfg_feature_mask,1,stonesoup_setup_printf_context,1,0,success,1,1,False,False,1.0,1.0,0.0,1848,1848,0,5961,5961,0,1064,1064,call,4078,12,12,winner_xfg,1,7887.867386000039,"[{""step"": 1, ""action"": ""winner_xfg_feature_mask"", ""target_nodes"": [4059], ""removed_edges"": [], ""added_edges"": [], ""details"": ""remapped winner-XFG node 4059 from source line 4059 to neutral line 82""}]",
02_vulnerable_4064,winner_xfg_feature_mask,3,stonesoup_setup_printf_context,1,0,success,1,1,False,False,1.0,1.0,0.0,1848,1848,0,5961,5961,0,1064,1064,call,4078,12,12,winner_xfg,3,8301.772439999922,"[{""step"": 1, ""action"": ""winner_xfg_feature_mask"", ""target_nodes"": [4059], ""removed_edges"": [], ""added_edges"": [], ""details"": ""remapped winner-XFG node 4059 from source line 4059 to neutral line 82""}, {""step"": 2, ""action"": ""winner_xfg_feature_mask"", ""target_nodes"": [4066], ""removed_edges"": [], ""added_edges"": [], ""details"": ""remapped winner-XFG node 4066 from source line 4066 to neutral line 82""}, {""step"": 3, ""action"": ""winner_xfg_feature_mask"", ""target_nodes"": [4079], ""removed_edges"": [], ""added_edges"": [], ""details"": ""remapped winner-XFG node 4079 from source line 4079 to neutral line 82""}]",
02_vulnerable_4064,winner_xfg_feature_mask,5,stonesoup_setup_printf_context,1,0,success,1,1,False,False,1.0,1.0,0.0,1848,1848,0,5961,5961,0,1064,1064,call,4078,12,12,winner_xfg,5,7923.999773999981,"[{""step"": 1, ""action"": ""winner_xfg_feature_mask"", ""target_nodes"": [4059], ""removed_edges"": [], ""added_edges"": [], ""details"": ""remapped winner-XFG node 4059 from source line 4059 to neutral line 82""}, {""step"": 2, ""action"": ""winner_xfg_feature_mask"", ""target_nodes"": [4066], ""removed_edges"": [], ""added_edges"": [], ""details"": ""remapped winner-XFG node 4066 from source line 4066 to neutral line 82""}, {""step"": 3, ""action"": ""winner_xfg_feature_mask"", ""target_nodes"": [4079], ""removed_edges"": [], ""added_edges"": [], ""details"": ""remapped winner-XFG node 4079 from source line 4079 to neutral line 82""}, {""step"": 4, ""action"": ""winner_xfg_feature_mask"", ""target_nodes"": [4062], ""removed_edges"": [], ""added_edges"": [], ""details"": ""remapped winner-XFG node 4062 from source line 4062 to neutral line 82""}, {""step"": 5, ""action"": ""winner_xfg_feature_mask"", ""target_nodes"": [4083], ""removed_edges"": [], ""added_edges"": [], ""details"": ""remapped winner-XFG node 4083 from source line 4083 to neutral line 82""}]",
02_vulnerable_4064,targeted_subgraph_injection,1,stonesoup_setup_printf_context,1,0,success,1,1,False,False,1.0,1.0,0.0,1848,1851,3,5961,5965,4,1064,1064,call,4078,12,12,winner_xfg,1,7963.163950999956,"[{""step"": 1, ""action"": ""targeted_subgraph_injection"", ""target_nodes"": [4059, -1, -2, -3, 4078], ""removed_edges"": [], ""added_edges"": [[4059, -1, ""d""], [-1, -2, ""d""], [-2, -3, ""c""], [-3, 4078, ""d""]], ""details"": ""injected a three-node neutral-feature motif around winner key line 4078""}]",
02_vulnerable_4064,targeted_subgraph_injection,3,stonesoup_setup_printf_context,1,0,success,1,1,False,False,1.0,1.0,0.0,1848,1857,9,5961,5973,12,1064,1064,call,4078,12,12,winner_xfg,3,12214.972831999945,"[{""step"": 1, ""action"": ""targeted_subgraph_injection"", ""target_nodes"": [4059, -1, -2, -3, 4078], ""removed_edges"": [], ""added_edges"": [[4059, -1, ""d""], [-1, -2, ""d""], [-2, -3, ""c""], [-3, 4078, ""d""]], ""details"": ""injected a three-node neutral-feature motif around winner key line 4078""}, {""step"": 2, ""action"": ""targeted_subgraph_injection"", ""target_nodes"": [4059, -4, -5, -6, 4078], ""removed_edges"": [], ""added_edges"": [[4059, -4, ""d""], [-4, -5, ""d""], [-5, -6, ""c""], [-6, 4078, ""d""]], ""details"": ""injected a three-node neutral-feature motif around winner key line 4078""}, {""step"": 3, ""action"": ""targeted_subgraph_injection"", ""target_nodes"": [4059, -7, -8, -9, 4078], ""removed_edges"": [], ""added_edges"": [[4059, -7, ""d""], [-7, -8, ""d""], [-8, -9, ""c""], [-9, 4078, ""d""]], ""details"": ""injected a three-node neutral-feature motif around winner key line 4078""}]",
02_vulnerable_4064,targeted_subgraph_injection,5,stonesoup_setup_printf_context,1,0,success,1,1,False,False,1.0,1.0,0.0,1848,1863,15,5961,5981,20,1064,1064,call,4078,12,12,winner_xfg,5,11564.994263000017,"[{""step"": 1, ""action"": ""targeted_subgraph_injection"", ""target_nodes"": [4059, -1, -2, -3, 4078], ""removed_edges"": [], ""added_edges"": [[4059, -1, ""d""], [-1, -2, ""d""], [-2, -3, ""c""], [-3, 4078, ""d""]], ""details"": ""injected a three-node neutral-feature motif around winner key line 4078""}, {""step"": 2, ""action"": ""targeted_subgraph_injection"", ""target_nodes"": [4059, -4, -5, -6, 4078], ""removed_edges"": [], ""added_edges"": [[4059, -4, ""d""], [-4, -5, ""d""], [-5, -6, ""c""], [-6, 4078, ""d""]], ""details"": ""injected a three-node neutral-feature motif around winner key line 4078""}, {""step"": 3, ""action"": ""targeted_subgraph_injection"", ""target_nodes"": [4059, -7, -8, -9, 4078], ""removed_edges"": [], ""added_edges"": [[4059, -7, ""d""], [-7, -8, ""d""], [-8, -9, ""c""], [-9, 4078, ""d""]], ""details"": ""injected a three-node neutral-feature motif around winner key line 4078""}, {""step"": 4, ""action"": ""targeted_subgraph_injection"", ""target_nodes"": [4059, -10, -11, -12, 4078], ""removed_edges"": [], ""added_edges"": [[4059, -10, ""d""], [-10, -11, ""d""], [-11, -12, ""c""], [-12, 4078, ""d""]], ""details"": ""injected a three-node neutral-feature motif around winner key line 4078""}, {""step"": 5, ""action"": ""targeted_subgraph_injection"", ""target_nodes"": [4059, -13, -14, -15, 4078], ""removed_edges"": [], ""added_edges"": [[4059, -13, ""d""], [-13, -14, ""d""], [-14, -15, ""c""], [-15, 4078, ""d""]], ""details"": ""injected a three-node neutral-feature motif around winner key line 4078""}]",
03_vulnerable_30,winner_xfg_edge_attack,1,if,1,0,success,1,1,False,False,1.0,1.0,0.0,43,43,0,70,69,-1,41,41,call,30,9,9,winner_xfg,1,119.9453540000377,"[{""step"": 1, ""action"": ""winner_xfg_edge_attack"", ""target_nodes"": [27, 30], ""removed_edges"": [[27, 30, ""c""]], ""added_edges"": [], ""details"": ""cut winner-XFG c edge 27->30 to reduce the vulnerable score""}]",
03_vulnerable_30,winner_xfg_edge_attack,3,if,1,0,success,1,1,False,False,1.0,1.0,0.0,43,43,0,70,67,-3,41,41,call,30,9,9,winner_xfg,3,132.88786800001162,"[{""step"": 1, ""action"": ""winner_xfg_edge_attack"", ""target_nodes"": [27, 30], ""removed_edges"": [[27, 30, ""c""]], ""added_edges"": [], ""details"": ""cut winner-XFG c edge 27->30 to reduce the vulnerable score""}, {""step"": 2, ""action"": ""winner_xfg_edge_attack"", ""target_nodes"": [30, 35], ""removed_edges"": [[30, 35, ""d""]], ""added_edges"": [], ""details"": ""cut winner-XFG d edge 30->35 to reduce the vulnerable score""}, {""step"": 3, ""action"": ""winner_xfg_edge_attack"", ""target_nodes"": [30, 31], ""removed_edges"": [[30, 31, ""d""]], ""added_edges"": [], ""details"": ""cut winner-XFG d edge 30->31 to reduce the vulnerable score""}]",
03_vulnerable_30,winner_xfg_edge_attack,5,if,1,0,success,1,1,False,False,1.0,1.0,0.0,43,43,0,70,65,-5,41,41,call,30,9,9,winner_xfg,5,203.55936999999358,"[{""step"": 1, ""action"": ""winner_xfg_edge_attack"", ""target_nodes"": [27, 30], ""removed_edges"": [[27, 30, ""c""]], ""added_edges"": [], ""details"": ""cut winner-XFG c edge 27->30 to reduce the vulnerable score""}, {""step"": 2, ""action"": ""winner_xfg_edge_attack"", ""target_nodes"": [30, 35], ""removed_edges"": [[30, 35, ""d""]], ""added_edges"": [], ""details"": ""cut winner-XFG d edge 30->35 to reduce the vulnerable score""}, {""step"": 3, ""action"": ""winner_xfg_edge_attack"", ""target_nodes"": [30, 31], ""removed_edges"": [[30, 31, ""d""]], ""added_edges"": [], ""details"": ""cut winner-XFG d edge 30->31 to reduce the vulnerable score""}, {""step"": 4, ""action"": ""winner_xfg_edge_attack"", ""target_nodes"": [30, 32], ""removed_edges"": [[30, 32, ""d""]], ""added_edges"": [], ""details"": ""cut winner-XFG d edge 30->32 to reduce the vulnerable score""}, {""step"": 5, ""action"": ""winner_xfg_edge_attack"", ""target_nodes"": [30, 33], ""removed_edges"": [[30, 33, ""d""]], ""added_edges"": [], ""details"": ""cut winner-XFG d edge 30->33 to reduce the vulnerable score""}]",
03_vulnerable_30,winner_xfg_feature_mask,1,if,1,0,success,1,1,False,False,1.0,0.999998927116394,-1.0728836059570312e-06,43,43,0,70,70,0,41,41,call,30,9,9,winner_xfg,1,152.9074310000169,"[{""step"": 1, ""action"": ""winner_xfg_feature_mask"", ""target_nodes"": [27], ""removed_edges"": [], ""added_edges"": [], ""details"": ""remapped winner-XFG node 27 from source line 27 to neutral line 41""}]",
03_vulnerable_30,winner_xfg_feature_mask,3,if,1,0,success,1,1,False,False,1.0,0.999998927116394,-1.0728836059570312e-06,43,43,0,70,70,0,41,41,call,30,9,9,winner_xfg,3,138.26976300003935,"[{""step"": 1, ""action"": ""winner_xfg_feature_mask"", ""target_nodes"": [27], ""removed_edges"": [], ""added_edges"": [], ""details"": ""remapped winner-XFG node 27 from source line 27 to neutral line 41""}, {""step"": 2, ""action"": ""winner_xfg_feature_mask"", ""target_nodes"": [31], ""removed_edges"": [], ""added_edges"": [], ""details"": ""remapped winner-XFG node 31 from source line 31 to neutral line 41""}, {""step"": 3, ""action"": ""winner_xfg_feature_mask"", ""target_nodes"": [50], ""removed_edges"": [], ""added_edges"": [], ""details"": ""remapped winner-XFG node 50 from source line 50 to neutral line 41""}]",
03_vulnerable_30,winner_xfg_feature_mask,5,if,1,0,success,1,1,False,False,1.0,0.9571893215179443,-0.042810678482055664,43,43,0,70,70,0,41,41,call,30,9,9,winner_xfg,5,116.10120400007418,"[{""step"": 1, ""action"": ""winner_xfg_feature_mask"", ""target_nodes"": [27], ""removed_edges"": [], ""added_edges"": [], ""details"": ""remapped winner-XFG node 27 from source line 27 to neutral line 41""}, {""step"": 2, ""action"": ""winner_xfg_feature_mask"", ""target_nodes"": [31], ""removed_edges"": [], ""added_edges"": [], ""details"": ""remapped winner-XFG node 31 from source line 31 to neutral line 41""}, {""step"": 3, ""action"": ""winner_xfg_feature_mask"", ""target_nodes"": [50], ""removed_edges"": [], ""added_edges"": [], ""details"": ""remapped winner-XFG node 50 from source line 50 to neutral line 41""}, {""step"": 4, ""action"": ""winner_xfg_feature_mask"", ""target_nodes"": [26], ""removed_edges"": [], ""added_edges"": [], ""details"": ""remapped winner-XFG node 26 from source line 26 to neutral line 41""}, {""step"": 5, ""action"": ""winner_xfg_feature_mask"", ""target_nodes"": [40], ""removed_edges"": [], ""added_edges"": [], ""details"": ""remapped winner-XFG node 40 from source line 40 to neutral line 41""}]",
03_vulnerable_30,targeted_subgraph_injection,1,if,1,0,success,1,1,False,False,1.0,1.0,0.0,43,46,3,70,74,4,41,41,call,30,9,9,winner_xfg,1,115.31437300004654,"[{""step"": 1, ""action"": ""targeted_subgraph_injection"", ""target_nodes"": [27, -1, -2, -3, 30], ""removed_edges"": [], ""added_edges"": [[27, -1, ""d""], [-1, -2, ""d""], [-2, -3, ""c""], [-3, 30, ""d""]], ""details"": ""injected a three-node neutral-feature motif around winner key line 30""}]",
03_vulnerable_30,targeted_subgraph_injection,3,if,1,0,success,1,1,False,False,1.0,0.9999982118606567,-1.7881393432617188e-06,43,52,9,70,82,12,41,41,call,30,9,9,winner_xfg,3,147.71653000002516,"[{""step"": 1, ""action"": ""targeted_subgraph_injection"", ""target_nodes"": [27, -1, -2, -3, 30], ""removed_edges"": [], ""added_edges"": [[27, -1, ""d""], [-1, -2, ""d""], [-2, -3, ""c""], [-3, 30, ""d""]], ""details"": ""injected a three-node neutral-feature motif around winner key line 30""}, {""step"": 2, ""action"": ""targeted_subgraph_injection"", ""target_nodes"": [27, -4, -5, -6, 30], ""removed_edges"": [], ""added_edges"": [[27, -4, ""d""], [-4, -5, ""d""], [-5, -6, ""c""], [-6, 30, ""d""]], ""details"": ""injected a three-node neutral-feature motif around winner key line 30""}, {""step"": 3, ""action"": ""targeted_subgraph_injection"", ""target_nodes"": [27, -7, -8, -9, 30], ""removed_edges"": [], ""added_edges"": [[27, -7, ""d""], [-7, -8, ""d""], [-8, -9, ""c""], [-9, 30, ""d""]], ""details"": ""injected a three-node neutral-feature motif around winner key line 30""}]",
03_vulnerable_30,targeted_subgraph_injection,5,if,1,0,success,1,1,False,False,1.0,0.9972346425056458,-0.002765357494354248,43,58,15,70,90,20,41,41,call,30,9,9,winner_xfg,5,234.42039299993667,"[{""step"": 1, ""action"": ""targeted_subgraph_injection"", ""target_nodes"": [27, -1, -2, -3, 30], ""removed_edges"": [], ""added_edges"": [[27, -1, ""d""], [-1, -2, ""d""], [-2, -3, ""c""], [-3, 30, ""d""]], ""details"": ""injected a three-node neutral-feature motif around winner key line 30""}, {""step"": 2, ""action"": ""targeted_subgraph_injection"", ""target_nodes"": [27, -4, -5, -6, 30], ""removed_edges"": [], ""added_edges"": [[27, -4, ""d""], [-4, -5, ""d""], [-5, -6, ""c""], [-6, 30, ""d""]], ""details"": ""injected a three-node neutral-feature motif around winner key line 30""}, {""step"": 3, ""action"": ""targeted_subgraph_injection"", ""target_nodes"": [27, -7, -8, -9, 30], ""removed_edges"": [], ""added_edges"": [[27, -7, ""d""], [-7, -8, ""d""], [-8, -9, ""c""], [-9, 30, ""d""]], ""details"": ""injected a three-node neutral-feature motif around winner key line 30""}, {""step"": 4, ""action"": ""targeted_subgraph_injection"", ""target_nodes"": [27, -10, -11, -12, 30], ""removed_edges"": [], ""added_edges"": [[27, -10, ""d""], [-10, -11, ""d""], [-11, -12, ""c""], [-12, 30, ""d""]], ""details"": ""injected a three-node neutral-feature motif around winner key line 30""}, {""step"": 5, ""action"": ""targeted_subgraph_injection"", ""target_nodes"": [27, -13, -14, -15, 30], ""removed_edges"": [], ""added_edges"": [[27, -13, ""d""], [-13, -14, ""d""], [-14, -15, ""c""], [-15, 30, ""d""]], ""details"": ""injected a three-node neutral-feature motif around winner key line 30""}]",
04_vulnerable_55,winner_xfg_edge_attack,1,main,1,0,success,1,1,False,False,0.9979877471923828,0.9988540410995483,0.0008662939071655273,6,6,0,6,5,-1,4,4,call,61,4,4,winner_xfg,1,27.05884900001365,"[{""step"": 1, ""action"": ""winner_xfg_edge_attack"", ""target_nodes"": [55, 61], ""removed_edges"": [[55, 61, ""c""]], ""added_edges"": [], ""details"": ""cut winner-XFG c edge 55->61 to reduce the vulnerable score""}]",
04_vulnerable_55,winner_xfg_edge_attack,3,main,1,0,success,1,0,True,True,0.9979877471923828,0.06677312403917313,-0.9312146231532097,6,6,0,6,3,-3,4,4,call,61,4,4,winner_xfg,3,28.647410999951717,"[{""step"": 1, ""action"": ""winner_xfg_edge_attack"", ""target_nodes"": [55, 61], ""removed_edges"": [[55, 61, ""c""]], ""added_edges"": [], ""details"": ""cut winner-XFG c edge 55->61 to reduce the vulnerable score""}, {""step"": 2, ""action"": ""winner_xfg_edge_attack"", ""target_nodes"": [51, 61], ""removed_edges"": [[51, 61, ""d""]], ""added_edges"": [], ""details"": ""cut winner-XFG d edge 51->61 to reduce the vulnerable score""}, {""step"": 3, ""action"": ""winner_xfg_edge_attack"", ""target_nodes"": [53, 61], ""removed_edges"": [[53, 61, ""d""]], ""added_edges"": [], ""details"": ""cut winner-XFG d edge 53->61 to reduce the vulnerable score""}]",
04_vulnerable_55,winner_xfg_edge_attack,5,main,1,0,success,1,1,False,False,0.9979877471923828,0.5549654960632324,-0.4430222511291504,6,6,0,6,1,-5,4,4,call,61,4,4,winner_xfg,5,26.21011600001566,"[{""step"": 1, ""action"": ""winner_xfg_edge_attack"", ""target_nodes"": [55, 61], ""removed_edges"": [[55, 61, ""c""]], ""added_edges"": [], ""details"": ""cut winner-XFG c edge 55->61 to reduce the vulnerable score""}, {""step"": 2, ""action"": ""winner_xfg_edge_attack"", ""target_nodes"": [51, 61], ""removed_edges"": [[51, 61, ""d""]], ""added_edges"": [], ""details"": ""cut winner-XFG d edge 51->61 to reduce the vulnerable score""}, {""step"": 3, ""action"": ""winner_xfg_edge_attack"", ""target_nodes"": [53, 61], ""removed_edges"": [[53, 61, ""d""]], ""added_edges"": [], ""details"": ""cut winner-XFG d edge 53->61 to reduce the vulnerable score""}, {""step"": 4, ""action"": ""winner_xfg_edge_attack"", ""target_nodes"": [51, 55], ""removed_edges"": [[51, 55, ""d""]], ""added_edges"": [], ""details"": ""cut winner-XFG d edge 51->55 to reduce the vulnerable score""}, {""step"": 5, ""action"": ""winner_xfg_edge_attack"", ""target_nodes"": [55, 57], ""removed_edges"": [[55, 57, ""c""]], ""added_edges"": [], ""details"": ""cut winner-XFG c edge 55->57 to reduce the vulnerable score""}]",
04_vulnerable_55,winner_xfg_feature_mask,1,main,1,0,success,1,1,False,False,0.9979877471923828,0.9950037598609924,-0.002983987331390381,6,6,0,6,6,0,4,4,call,61,4,4,winner_xfg,1,24.056132999930924,"[{""step"": 1, ""action"": ""winner_xfg_feature_mask"", ""target_nodes"": [51], ""removed_edges"": [], ""added_edges"": [], ""details"": ""remapped winner-XFG node 51 from source line 51 to neutral line 57""}]",
04_vulnerable_55,winner_xfg_feature_mask,3,main,1,0,success,1,1,False,False,0.9979877471923828,0.9420945644378662,-0.0558931827545166,6,6,0,6,6,0,4,4,call,61,4,4,winner_xfg,3,27.841480000006413,"[{""step"": 1, ""action"": ""winner_xfg_feature_mask"", ""target_nodes"": [51], ""removed_edges"": [], ""added_edges"": [], ""details"": ""remapped winner-XFG node 51 from source line 51 to neutral line 57""}, {""step"": 2, ""action"": ""winner_xfg_feature_mask"", ""target_nodes"": [53], ""removed_edges"": [], ""added_edges"": [], ""details"": ""remapped winner-XFG node 53 from source line 53 to neutral line 57""}, {""step"": 3, ""action"": ""winner_xfg_feature_mask"", ""target_nodes"": [64], ""removed_edges"": [], ""added_edges"": [], ""details"": ""remapped winner-XFG node 64 from source line 64 to neutral line 57""}]",
04_vulnerable_55,winner_xfg_feature_mask,5,main,1,0,success,1,1,False,False,0.9979877471923828,0.9420945644378662,-0.0558931827545166,6,6,0,6,6,0,4,4,call,61,4,4,winner_xfg,3,42.80956000002334,"[{""step"": 1, ""action"": ""winner_xfg_feature_mask"", ""target_nodes"": [51], ""removed_edges"": [], ""added_edges"": [], ""details"": ""remapped winner-XFG node 51 from source line 51 to neutral line 57""}, {""step"": 2, ""action"": ""winner_xfg_feature_mask"", ""target_nodes"": [53], ""removed_edges"": [], ""added_edges"": [], ""details"": ""remapped winner-XFG node 53 from source line 53 to neutral line 57""}, {""step"": 3, ""action"": ""winner_xfg_feature_mask"", ""target_nodes"": [64], ""removed_edges"": [], ""added_edges"": [], ""details"": ""remapped winner-XFG node 64 from source line 64 to neutral line 57""}]",
04_vulnerable_55,targeted_subgraph_injection,1,main,1,0,success,1,1,False,False,0.9979877471923828,0.9876612424850464,-0.010326504707336426,6,9,3,6,10,4,4,4,call,61,4,4,winner_xfg,1,36.282808000009936,"[{""step"": 1, ""action"": ""targeted_subgraph_injection"", ""target_nodes"": [55, -1, -2, -3, 61], ""removed_edges"": [], ""added_edges"": [[55, -1, ""d""], [-1, -2, ""d""], [-2, -3, ""c""], [-3, 61, ""d""]], ""details"": ""injected a three-node neutral-feature motif around winner key line 61""}]",
04_vulnerable_55,targeted_subgraph_injection,3,main,1,0,success,1,0,True,True,0.9979877471923828,0.040630489587783813,-0.957357257604599,6,15,9,6,18,12,4,4,call,61,4,4,winner_xfg,3,39.65453900002558,"[{""step"": 1, ""action"": ""targeted_subgraph_injection"", ""target_nodes"": [55, -1, -2, -3, 61], ""removed_edges"": [], ""added_edges"": [[55, -1, ""d""], [-1, -2, ""d""], [-2, -3, ""c""], [-3, 61, ""d""]], ""details"": ""injected a three-node neutral-feature motif around winner key line 61""}, {""step"": 2, ""action"": ""targeted_subgraph_injection"", ""target_nodes"": [55, -4, -5, -6, 61], ""removed_edges"": [], ""added_edges"": [[55, -4, ""d""], [-4, -5, ""d""], [-5, -6, ""c""], [-6, 61, ""d""]], ""details"": ""injected a three-node neutral-feature motif around winner key line 61""}, {""step"": 3, ""action"": ""targeted_subgraph_injection"", ""target_nodes"": [55, -7, -8, -9, 61], ""removed_edges"": [], ""added_edges"": [[55, -7, ""d""], [-7, -8, ""d""], [-8, -9, ""c""], [-9, 61, ""d""]], ""details"": ""injected a three-node neutral-feature motif around winner key line 61""}]",
04_vulnerable_55,targeted_subgraph_injection,5,main,1,0,success,1,0,True,True,0.9979877471923828,0.005601106211543083,-0.9923866409808397,6,21,15,6,26,20,4,4,call,61,4,4,winner_xfg,5,32.347354999956224,"[{""step"": 1, ""action"": ""targeted_subgraph_injection"", ""target_nodes"": [55, -1, -2, -3, 61], ""removed_edges"": [], ""added_edges"": [[55, -1, ""d""], [-1, -2, ""d""], [-2, -3, ""c""], [-3, 61, ""d""]], ""details"": ""injected a three-node neutral-feature motif around winner key line 61""}, {""step"": 2, ""action"": ""targeted_subgraph_injection"", ""target_nodes"": [55, -4, -5, -6, 61], ""removed_edges"": [], ""added_edges"": [[55, -4, ""d""], [-4, -5, ""d""], [-5, -6, ""c""], [-6, 61, ""d""]], ""details"": ""injected a three-node neutral-feature motif around winner key line 61""}, {""step"": 3, ""action"": ""targeted_subgraph_injection"", ""target_nodes"": [55, -7, -8, -9, 61], ""removed_edges"": [], ""added_edges"": [[55, -7, ""d""], [-7, -8, ""d""], [-8, -9, ""c""], [-9, 61, ""d""]], ""details"": ""injected a three-node neutral-feature motif around winner key line 61""}, {""step"": 4, ""action"": ""targeted_subgraph_injection"", ""target_nodes"": [55, -10, -11, -12, 61], ""removed_edges"": [], ""added_edges"": [[55, -10, ""d""], [-10, -11, ""d""], [-11, -12, ""c""], [-12, 61, ""d""]], ""details"": ""injected a three-node neutral-feature motif around winner key line 61""}, {""step"": 5, ""action"": ""targeted_subgraph_injection"", ""target_nodes"": [55, -13, -14, -15, 61], ""removed_edges"": [], ""added_edges"": [[55, -13, ""d""], [-13, -14, ""d""], [-14, -15, ""c""], [-15, 61, ""d""]], ""details"": ""injected a three-node neutral-feature motif around winner key line 61""}]",
05_vulnerable_32,winner_xfg_edge_attack,1,badSink,1,0,success,1,0,True,True,0.9999673366546631,0.17650485038757324,-0.8234624862670898,10,10,0,8,7,-1,4,4,call,38,4,4,winner_xfg,1,30.817396000088593,"[{""step"": 1, ""action"": ""winner_xfg_edge_attack"", ""target_nodes"": [32, 38], ""removed_edges"": [[32, 38, ""d""]], ""added_edges"": [], ""details"": ""cut winner-XFG d edge 32->38 to reduce the vulnerable score""}]",
05_vulnerable_32,winner_xfg_edge_attack,3,badSink,1,0,success,1,0,True,True,0.9999673366546631,0.09835472702980042,-0.9016126096248627,10,10,0,8,5,-3,4,4,call,38,4,4,winner_xfg,3,26.088512000001174,"[{""step"": 1, ""action"": ""winner_xfg_edge_attack"", ""target_nodes"": [32, 38], ""removed_edges"": [[32, 38, ""d""]], ""added_edges"": [], ""details"": ""cut winner-XFG d edge 32->38 to reduce the vulnerable score""}, {""step"": 2, ""action"": ""winner_xfg_edge_attack"", ""target_nodes"": [34, 38], ""removed_edges"": [[34, 38, ""d""]], ""added_edges"": [], ""details"": ""cut winner-XFG d edge 34->38 to reduce the vulnerable score""}, {""step"": 3, ""action"": ""winner_xfg_edge_attack"", ""target_nodes"": [29, 32], ""removed_edges"": [[29, 32, ""d""]], ""added_edges"": [], ""details"": ""cut winner-XFG d edge 29->32 to reduce the vulnerable score""}]",
05_vulnerable_32,winner_xfg_edge_attack,5,badSink,1,0,success,1,0,True,True,0.9999673366546631,0.1254013478755951,-0.874565988779068,10,10,0,8,3,-5,4,4,call,38,4,4,winner_xfg,5,33.40439500004777,"[{""step"": 1, ""action"": ""winner_xfg_edge_attack"", ""target_nodes"": [32, 38], ""removed_edges"": [[32, 38, ""d""]], ""added_edges"": [], ""details"": ""cut winner-XFG d edge 32->38 to reduce the vulnerable score""}, {""step"": 2, ""action"": ""winner_xfg_edge_attack"", ""target_nodes"": [34, 38], ""removed_edges"": [[34, 38, ""d""]], ""added_edges"": [], ""details"": ""cut winner-XFG d edge 34->38 to reduce the vulnerable score""}, {""step"": 3, ""action"": ""winner_xfg_edge_attack"", ""target_nodes"": [29, 32], ""removed_edges"": [[29, 32, ""d""]], ""added_edges"": [], ""details"": ""cut winner-XFG d edge 29->32 to reduce the vulnerable score""}, {""step"": 4, ""action"": ""winner_xfg_edge_attack"", ""target_nodes"": [32, 39], ""removed_edges"": [[32, 39, ""d""]], ""added_edges"": [], ""details"": ""cut winner-XFG d edge 32->39 to reduce the vulnerable score""}, {""step"": 5, ""action"": ""winner_xfg_edge_attack"", ""target_nodes"": [51, 57], ""removed_edges"": [[51, 57, ""d""]], ""added_edges"": [], ""details"": ""cut winner-XFG d edge 51->57 to reduce the vulnerable score""}]",
05_vulnerable_32,winner_xfg_feature_mask,1,badSink,1,0,success,1,1,False,False,0.9999673366546631,0.9549948573112488,-0.04497247934341431,10,10,0,8,8,0,4,4,call,38,4,4,winner_xfg,1,26.319521000004897,"[{""step"": 1, ""action"": ""winner_xfg_feature_mask"", ""target_nodes"": [34], ""removed_edges"": [], ""added_edges"": [], ""details"": ""remapped winner-XFG node 34 from source line 34 to neutral line 39""}]",
05_vulnerable_32,winner_xfg_feature_mask,3,badSink,1,0,success,1,0,True,True,0.9999673366546631,0.21378293633460999,-0.7861844003200531,10,10,0,8,8,0,4,4,call,38,4,4,winner_xfg,3,29.286436000006688,"[{""step"": 1, ""action"": ""winner_xfg_feature_mask"", ""target_nodes"": [34], ""removed_edges"": [], ""added_edges"": [], ""details"": ""remapped winner-XFG node 34 from source line 34 to neutral line 39""}, {""step"": 2, ""action"": ""winner_xfg_feature_mask"", ""target_nodes"": [29], ""removed_edges"": [], ""added_edges"": [], ""details"": ""remapped winner-XFG node 29 from source line 29 to neutral line 39""}, {""step"": 3, ""action"": ""winner_xfg_feature_mask"", ""target_nodes"": [49], ""removed_edges"": [], ""added_edges"": [], ""details"": ""remapped winner-XFG node 49 from source line 49 to neutral line 39""}]",
05_vulnerable_32,winner_xfg_feature_mask,5,badSink,1,0,success,1,0,True,True,0.9999673366546631,0.21378293633460999,-0.7861844003200531,10,10,0,8,8,0,4,4,call,38,4,4,winner_xfg,5,23.140598000054524,"[{""step"": 1, ""action"": ""winner_xfg_feature_mask"", ""target_nodes"": [34], ""removed_edges"": [], ""added_edges"": [], ""details"": ""remapped winner-XFG node 34 from source line 34 to neutral line 39""}, {""step"": 2, ""action"": ""winner_xfg_feature_mask"", ""target_nodes"": [29], ""removed_edges"": [], ""added_edges"": [], ""details"": ""remapped winner-XFG node 29 from source line 29 to neutral line 39""}, {""step"": 3, ""action"": ""winner_xfg_feature_mask"", ""target_nodes"": [49], ""removed_edges"": [], ""added_edges"": [], ""details"": ""remapped winner-XFG node 49 from source line 49 to neutral line 39""}, {""step"": 4, ""action"": ""winner_xfg_feature_mask"", ""target_nodes"": [53], ""removed_edges"": [], ""added_edges"": [], ""details"": ""remapped winner-XFG node 53 from source line 53 to neutral line 39""}, {""step"": 5, ""action"": ""winner_xfg_feature_mask"", ""target_nodes"": [58], ""removed_edges"": [], ""added_edges"": [], ""details"": ""remapped winner-XFG node 58 from source line 58 to neutral line 39""}]",
05_vulnerable_32,targeted_subgraph_injection,1,badSink,1,0,success,1,1,False,False,0.9999673366546631,1.0,3.266334533691406e-05,10,13,3,8,12,4,4,4,call,38,4,4,winner_xfg,1,33.608103999995365,"[{""step"": 1, ""action"": ""targeted_subgraph_injection"", ""target_nodes"": [32, -1, -2, -3, 38], ""removed_edges"": [], ""added_edges"": [[32, -1, ""d""], [-1, -2, ""d""], [-2, -3, ""c""], [-3, 38, ""d""]], ""details"": ""injected a three-node neutral-feature motif around winner key line 38""}]",
05_vulnerable_32,targeted_subgraph_injection,3,badSink,1,0,success,1,1,False,False,0.9999673366546631,1.0,3.266334533691406e-05,10,19,9,8,20,12,4,4,call,38,4,4,winner_xfg,3,42.877863000057914,"[{""step"": 1, ""action"": ""targeted_subgraph_injection"", ""target_nodes"": [32, -1, -2, -3, 38], ""removed_edges"": [], ""added_edges"": [[32, -1, ""d""], [-1, -2, ""d""], [-2, -3, ""c""], [-3, 38, ""d""]], ""details"": ""injected a three-node neutral-feature motif around winner key line 38""}, {""step"": 2, ""action"": ""targeted_subgraph_injection"", ""target_nodes"": [32, -4, -5, -6, 38], ""removed_edges"": [], ""added_edges"": [[32, -4, ""d""], [-4, -5, ""d""], [-5, -6, ""c""], [-6, 38, ""d""]], ""details"": ""injected a three-node neutral-feature motif around winner key line 38""}, {""step"": 3, ""action"": ""targeted_subgraph_injection"", ""target_nodes"": [32, -7, -8, -9, 38], ""removed_edges"": [], ""added_edges"": [[32, -7, ""d""], [-7, -8, ""d""], [-8, -9, ""c""], [-9, 38, ""d""]], ""details"": ""injected a three-node neutral-feature motif around winner key line 38""}]",
05_vulnerable_32,targeted_subgraph_injection,5,badSink,1,0,success,1,1,False,False,0.9999673366546631,0.9999998807907104,3.254413604736328e-05,10,25,15,8,28,20,4,4,call,38,4,4,winner_xfg,5,26.98834699992858,"[{""step"": 1, ""action"": ""targeted_subgraph_injection"", ""target_nodes"": [32, -1, -2, -3, 38], ""removed_edges"": [], ""added_edges"": [[32, -1, ""d""], [-1, -2, ""d""], [-2, -3, ""c""], [-3, 38, ""d""]], ""details"": ""injected a three-node neutral-feature motif around winner key line 38""}, {""step"": 2, ""action"": ""targeted_subgraph_injection"", ""target_nodes"": [32, -4, -5, -6, 38], ""removed_edges"": [], ""added_edges"": [[32, -4, ""d""], [-4, -5, ""d""], [-5, -6, ""c""], [-6, 38, ""d""]], ""details"": ""injected a three-node neutral-feature motif around winner key line 38""}, {""step"": 3, ""action"": ""targeted_subgraph_injection"", ""target_nodes"": [32, -7, -8, -9, 38], ""removed_edges"": [], ""added_edges"": [[32, -7, ""d""], [-7, -8, ""d""], [-8, -9, ""c""], [-9, 38, ""d""]], ""details"": ""injected a three-node neutral-feature motif around winner key line 38""}, {""step"": 4, ""action"": ""targeted_subgraph_injection"", ""target_nodes"": [32, -10, -11, -12, 38], ""removed_edges"": [], ""added_edges"": [[32, -10, ""d""], [-10, -11, ""d""], [-11, -12, ""c""], [-12, 38, ""d""]], ""details"": ""injected a three-node neutral-feature motif around winner key line 38""}, {""step"": 5, ""action"": ""targeted_subgraph_injection"", ""target_nodes"": [32, -13, -14, -15, 38], ""removed_edges"": [], ""added_edges"": [[32, -13, ""d""], [-13, -14, ""d""], [-14, -15, ""c""], [-15, 38, ""d""]], ""details"": ""injected a three-node neutral-feature motif around winner key line 38""}]",
06_non-vulnerable_63,winner_xfg_edge_attack,1,bad,0,1,success,0,0,False,False,0.0005112715298309922,0.0005112715298309922,0.0,12,12,0,14,15,1,8,8,call,89,0,5,nearest_pdg_nodes,1,35.977894999973614,"[{""step"": 1, ""action"": ""winner_xfg_edge_attack"", ""target_nodes"": [64, 61], ""removed_edges"": [], ""added_edges"": [[64, 61, ""d""]], ""details"": ""bridged winner-XFG d edge 64->61 to increase the vulnerable score""}]",
06_non-vulnerable_63,winner_xfg_edge_attack,3,bad,0,1,success,0,0,False,False,0.0005112715298309922,0.0005112715298309922,0.0,12,12,0,14,17,3,8,8,call,89,0,5,nearest_pdg_nodes,3,35.51527700005863,"[{""step"": 1, ""action"": ""winner_xfg_edge_attack"", ""target_nodes"": [64, 61], ""removed_edges"": [], ""added_edges"": [[64, 61, ""d""]], ""details"": ""bridged winner-XFG d edge 64->61 to increase the vulnerable score""}, {""step"": 2, ""action"": ""winner_xfg_edge_attack"", ""target_nodes"": [61, 64], ""removed_edges"": [], ""added_edges"": [[61, 64, ""d""]], ""details"": ""bridged winner-XFG d edge 61->64 to increase the vulnerable score""}, {""step"": 3, ""action"": ""winner_xfg_edge_attack"", ""target_nodes"": [64, 59], ""removed_edges"": [], ""added_edges"": [[64, 59, ""d""]], ""details"": ""bridged winner-XFG d edge 64->59 to increase the vulnerable score""}]",
06_non-vulnerable_63,winner_xfg_edge_attack,5,bad,0,1,success,0,0,False,False,0.0005112715298309922,0.0005112715298309922,0.0,12,12,0,14,19,5,8,8,call,89,0,5,nearest_pdg_nodes,5,36.329808999994384,"[{""step"": 1, ""action"": ""winner_xfg_edge_attack"", ""target_nodes"": [64, 61], ""removed_edges"": [], ""added_edges"": [[64, 61, ""d""]], ""details"": ""bridged winner-XFG d edge 64->61 to increase the vulnerable score""}, {""step"": 2, ""action"": ""winner_xfg_edge_attack"", ""target_nodes"": [61, 64], ""removed_edges"": [], ""added_edges"": [[61, 64, ""d""]], ""details"": ""bridged winner-XFG d edge 61->64 to increase the vulnerable score""}, {""step"": 3, ""action"": ""winner_xfg_edge_attack"", ""target_nodes"": [64, 59], ""removed_edges"": [], ""added_edges"": [[64, 59, ""d""]], ""details"": ""bridged winner-XFG d edge 64->59 to increase the vulnerable score""}, {""step"": 4, ""action"": ""winner_xfg_edge_attack"", ""target_nodes"": [59, 64], ""removed_edges"": [], ""added_edges"": [[59, 64, ""d""]], ""details"": ""bridged winner-XFG d edge 59->64 to increase the vulnerable score""}, {""step"": 5, ""action"": ""winner_xfg_edge_attack"", ""target_nodes"": [64, 62], ""removed_edges"": [], ""added_edges"": [[64, 62, ""d""]], ""details"": ""bridged winner-XFG d edge 64->62 to increase the vulnerable score""}]",
06_non-vulnerable_63,winner_xfg_feature_mask,1,bad,0,1,success,0,0,False,False,0.0005112715298309922,0.0005112715298309922,0.0,12,12,0,14,14,0,8,8,call,89,0,5,nearest_pdg_nodes,1,36.71832399993491,"[{""step"": 1, ""action"": ""winner_xfg_feature_mask"", ""target_nodes"": [64], ""removed_edges"": [], ""added_edges"": [], ""details"": ""remapped winner-XFG node 64 from source line 64 to key-line line 89""}]",
06_non-vulnerable_63,winner_xfg_feature_mask,3,bad,0,1,success,0,0,False,False,0.0005112715298309922,0.0005112715298309922,0.0,12,12,0,14,14,0,8,8,call,89,0,5,nearest_pdg_nodes,3,35.829990000024736,"[{""step"": 1, ""action"": ""winner_xfg_feature_mask"", ""target_nodes"": [64], ""removed_edges"": [], ""added_edges"": [], ""details"": ""remapped winner-XFG node 64 from source line 64 to key-line line 89""}, {""step"": 2, ""action"": ""winner_xfg_feature_mask"", ""target_nodes"": [56], ""removed_edges"": [], ""added_edges"": [], ""details"": ""remapped winner-XFG node 56 from source line 56 to key-line line 89""}, {""step"": 3, ""action"": ""winner_xfg_feature_mask"", ""target_nodes"": [33], ""removed_edges"": [], ""added_edges"": [], ""details"": ""remapped winner-XFG node 33 from source line 33 to key-line line 89""}]",
06_non-vulnerable_63,winner_xfg_feature_mask,5,bad,0,1,success,0,0,False,False,0.0005112715298309922,0.0005112715298309922,0.0,12,12,0,14,14,0,8,8,call,89,0,5,nearest_pdg_nodes,5,48.77049200001693,"[{""step"": 1, ""action"": ""winner_xfg_feature_mask"", ""target_nodes"": [64], ""removed_edges"": [], ""added_edges"": [], ""details"": ""remapped winner-XFG node 64 from source line 64 to key-line line 89""}, {""step"": 2, ""action"": ""winner_xfg_feature_mask"", ""target_nodes"": [56], ""removed_edges"": [], ""added_edges"": [], ""details"": ""remapped winner-XFG node 56 from source line 56 to key-line line 89""}, {""step"": 3, ""action"": ""winner_xfg_feature_mask"", ""target_nodes"": [33], ""removed_edges"": [], ""added_edges"": [], ""details"": ""remapped winner-XFG node 33 from source line 33 to key-line line 89""}, {""step"": 4, ""action"": ""winner_xfg_feature_mask"", ""target_nodes"": [36], ""removed_edges"": [], ""added_edges"": [], ""details"": ""remapped winner-XFG node 36 from source line 36 to key-line line 89""}, {""step"": 5, ""action"": ""winner_xfg_feature_mask"", ""target_nodes"": [41], ""removed_edges"": [], ""added_edges"": [], ""details"": ""remapped winner-XFG node 41 from source line 41 to key-line line 89""}]",
06_non-vulnerable_63,targeted_subgraph_injection,1,bad,0,1,success,0,0,False,False,0.0005112715298309922,0.0005112715298309922,0.0,12,15,3,14,18,4,8,8,call,89,0,5,nearest_pdg_nodes,1,32.11544600003435,"[{""step"": 1, ""action"": ""targeted_subgraph_injection"", ""target_nodes"": [61, -1, -2, -3, 64], ""removed_edges"": [], ""added_edges"": [[61, -1, ""d""], [-1, -2, ""d""], [-2, -3, ""c""], [-3, 64, ""d""]], ""details"": ""injected a three-node key-line-feature motif around winner key line 89""}]",
06_non-vulnerable_63,targeted_subgraph_injection,3,bad,0,1,success,0,0,False,False,0.0005112715298309922,0.0005112715298309922,0.0,12,21,9,14,26,12,8,8,call,89,0,5,nearest_pdg_nodes,3,39.0086129999645,"[{""step"": 1, ""action"": ""targeted_subgraph_injection"", ""target_nodes"": [61, -1, -2, -3, 64], ""removed_edges"": [], ""added_edges"": [[61, -1, ""d""], [-1, -2, ""d""], [-2, -3, ""c""], [-3, 64, ""d""]], ""details"": ""injected a three-node key-line-feature motif around winner key line 89""}, {""step"": 2, ""action"": ""targeted_subgraph_injection"", ""target_nodes"": [61, -4, -5, -6, 64], ""removed_edges"": [], ""added_edges"": [[61, -4, ""d""], [-4, -5, ""d""], [-5, -6, ""c""], [-6, 64, ""d""]], ""details"": ""injected a three-node key-line-feature motif around winner key line 89""}, {""step"": 3, ""action"": ""targeted_subgraph_injection"", ""target_nodes"": [61, -7, -8, -9, 64], ""removed_edges"": [], ""added_edges"": [[61, -7, ""d""], [-7, -8, ""d""], [-8, -9, ""c""], [-9, 64, ""d""]], ""details"": ""injected a three-node key-line-feature motif around winner key line 89""}]",
06_non-vulnerable_63,targeted_subgraph_injection,5,bad,0,1,success,0,0,False,False,0.0005112715298309922,0.0005112715298309922,0.0,12,27,15,14,34,20,8,8,call,89,0,5,nearest_pdg_nodes,5,38.390389000028335,"[{""step"": 1, ""action"": ""targeted_subgraph_injection"", ""target_nodes"": [61, -1, -2, -3, 64], ""removed_edges"": [], ""added_edges"": [[61, -1, ""d""], [-1, -2, ""d""], [-2, -3, ""c""], [-3, 64, ""d""]], ""details"": ""injected a three-node key-line-feature motif around winner key line 89""}, {""step"": 2, ""action"": ""targeted_subgraph_injection"", ""target_nodes"": [61, -4, -5, -6, 64], ""removed_edges"": [], ""added_edges"": [[61, -4, ""d""], [-4, -5, ""d""], [-5, -6, ""c""], [-6, 64, ""d""]], ""details"": ""injected a three-node key-line-feature motif around winner key line 89""}, {""step"": 3, ""action"": ""targeted_subgraph_injection"", ""target_nodes"": [61, -7, -8, -9, 64], ""removed_edges"": [], ""added_edges"": [[61, -7, ""d""], [-7, -8, ""d""], [-8, -9, ""c""], [-9, 64, ""d""]], ""details"": ""injected a three-node key-line-feature motif around winner key line 89""}, {""step"": 4, ""action"": ""targeted_subgraph_injection"", ""target_nodes"": [61, -10, -11, -12, 64], ""removed_edges"": [], ""added_edges"": [[61, -10, ""d""], [-10, -11, ""d""], [-11, -12, ""c""], [-12, 64, ""d""]], ""details"": ""injected a three-node key-line-feature motif around winner key line 89""}, {""step"": 5, ""action"": ""targeted_subgraph_injection"", ""target_nodes"": [61, -13, -14, -15, 64], ""removed_edges"": [], ""added_edges"": [[61, -13, ""d""], [-13, -14, ""d""], [-14, -15, ""c""], [-15, 64, ""d""]], ""details"": ""injected a three-node key-line-feature motif around winner key line 89""}]",
07_non-vulnerable_41,winner_xfg_edge_attack,1,bad,0,1,success,0,0,False,False,0.0005112715298309922,0.0005112715298309922,0.0,14,14,0,16,17,1,5,5,call,102,0,5,nearest_pdg_nodes,1,26.889642999890384,"[{""step"": 1, ""action"": ""winner_xfg_edge_attack"", ""target_nodes"": [77, 74], ""removed_edges"": [], ""added_edges"": [[77, 74, ""d""]], ""details"": ""bridged winner-XFG d edge 77->74 to increase the vulnerable score""}]",
07_non-vulnerable_41,winner_xfg_edge_attack,3,bad,0,1,success,0,0,False,False,0.0005112715298309922,0.0005112715298309922,0.0,14,14,0,16,19,3,5,5,call,102,0,5,nearest_pdg_nodes,3,24.461049000024104,"[{""step"": 1, ""action"": ""winner_xfg_edge_attack"", ""target_nodes"": [77, 74], ""removed_edges"": [], ""added_edges"": [[77, 74, ""d""]], ""details"": ""bridged winner-XFG d edge 77->74 to increase the vulnerable score""}, {""step"": 2, ""action"": ""winner_xfg_edge_attack"", ""target_nodes"": [74, 77], ""removed_edges"": [], ""added_edges"": [[74, 77, ""d""]], ""details"": ""bridged winner-XFG d edge 74->77 to increase the vulnerable score""}, {""step"": 3, ""action"": ""winner_xfg_edge_attack"", ""target_nodes"": [77, 71], ""removed_edges"": [], ""added_edges"": [[77, 71, ""d""]], ""details"": ""bridged winner-XFG d edge 77->71 to increase the vulnerable score""}]",
07_non-vulnerable_41,winner_xfg_edge_attack,5,bad,0,1,success,0,0,False,False,0.0005112715298309922,0.0005112715298309922,0.0,14,14,0,16,21,5,5,5,call,102,0,5,nearest_pdg_nodes,5,31.542223999963426,"[{""step"": 1, ""action"": ""winner_xfg_edge_attack"", ""target_nodes"": [77, 74], ""removed_edges"": [], ""added_edges"": [[77, 74, ""d""]], ""details"": ""bridged winner-XFG d edge 77->74 to increase the vulnerable score""}, {""step"": 2, ""action"": ""winner_xfg_edge_attack"", ""target_nodes"": [74, 77], ""removed_edges"": [], ""added_edges"": [[74, 77, ""d""]], ""details"": ""bridged winner-XFG d edge 74->77 to increase the vulnerable score""}, {""step"": 3, ""action"": ""winner_xfg_edge_attack"", ""target_nodes"": [77, 71], ""removed_edges"": [], ""added_edges"": [[77, 71, ""d""]], ""details"": ""bridged winner-XFG d edge 77->71 to increase the vulnerable score""}, {""step"": 4, ""action"": ""winner_xfg_edge_attack"", ""target_nodes"": [71, 77], ""removed_edges"": [], ""added_edges"": [[71, 77, ""d""]], ""details"": ""bridged winner-XFG d edge 71->77 to increase the vulnerable score""}, {""step"": 5, ""action"": ""winner_xfg_edge_attack"", ""target_nodes"": [77, 75], ""removed_edges"": [], ""added_edges"": [[77, 75, ""d""]], ""details"": ""bridged winner-XFG d edge 77->75 to increase the vulnerable score""}]",
07_non-vulnerable_41,winner_xfg_feature_mask,1,bad,0,1,success,0,0,False,False,0.0005112715298309922,0.0005112715298309922,0.0,14,14,0,16,16,0,5,5,call,102,0,5,nearest_pdg_nodes,1,23.775822000061453,"[{""step"": 1, ""action"": ""winner_xfg_feature_mask"", ""target_nodes"": [77], ""removed_edges"": [], ""added_edges"": [], ""details"": ""remapped winner-XFG node 77 from source line 77 to key-line line 102""}]",
07_non-vulnerable_41,winner_xfg_feature_mask,3,bad,0,1,success,0,0,False,False,0.0005112715298309922,0.0005112715298309922,0.0,14,14,0,16,16,0,5,5,call,102,0,5,nearest_pdg_nodes,3,22.854085999938434,"[{""step"": 1, ""action"": ""winner_xfg_feature_mask"", ""target_nodes"": [77], ""removed_edges"": [], ""added_edges"": [], ""details"": ""remapped winner-XFG node 77 from source line 77 to key-line line 102""}, {""step"": 2, ""action"": ""winner_xfg_feature_mask"", ""target_nodes"": [74], ""removed_edges"": [], ""added_edges"": [], ""details"": ""remapped winner-XFG node 74 from source line 74 to key-line line 102""}, {""step"": 3, ""action"": ""winner_xfg_feature_mask"", ""target_nodes"": [75], ""removed_edges"": [], ""added_edges"": [], ""details"": ""remapped winner-XFG node 75 from source line 75 to key-line line 102""}]",
07_non-vulnerable_41,winner_xfg_feature_mask,5,bad,0,1,success,0,0,False,False,0.0005112715298309922,0.0005112715298309922,0.0,14,14,0,16,16,0,5,5,call,102,0,5,nearest_pdg_nodes,5,31.956039999954555,"[{""step"": 1, ""action"": ""winner_xfg_feature_mask"", ""target_nodes"": [77], ""removed_edges"": [], ""added_edges"": [], ""details"": ""remapped winner-XFG node 77 from source line 77 to key-line line 102""}, {""step"": 2, ""action"": ""winner_xfg_feature_mask"", ""target_nodes"": [74], ""removed_edges"": [], ""added_edges"": [], ""details"": ""remapped winner-XFG node 74 from source line 74 to key-line line 102""}, {""step"": 3, ""action"": ""winner_xfg_feature_mask"", ""target_nodes"": [75], ""removed_edges"": [], ""added_edges"": [], ""details"": ""remapped winner-XFG node 75 from source line 75 to key-line line 102""}, {""step"": 4, ""action"": ""winner_xfg_feature_mask"", ""target_nodes"": [76], ""removed_edges"": [], ""added_edges"": [], ""details"": ""remapped winner-XFG node 76 from source line 76 to key-line line 102""}, {""step"": 5, ""action"": ""winner_xfg_feature_mask"", ""target_nodes"": [71], ""removed_edges"": [], ""added_edges"": [], ""details"": ""remapped winner-XFG node 71 from source line 71 to key-line line 102""}]",
07_non-vulnerable_41,targeted_subgraph_injection,1,bad,0,1,success,0,0,False,False,0.0005112715298309922,0.0005112715298309922,0.0,14,17,3,16,20,4,5,5,call,102,0,5,nearest_pdg_nodes,1,26.981246999980613,"[{""step"": 1, ""action"": ""targeted_subgraph_injection"", ""target_nodes"": [74, -1, -2, -3, 77], ""removed_edges"": [], ""added_edges"": [[74, -1, ""d""], [-1, -2, ""d""], [-2, -3, ""c""], [-3, 77, ""d""]], ""details"": ""injected a three-node key-line-feature motif around winner key line 102""}]",
07_non-vulnerable_41,targeted_subgraph_injection,3,bad,0,1,success,0,0,False,False,0.0005112715298309922,0.0005112715298309922,0.0,14,23,9,16,28,12,5,5,call,102,0,5,nearest_pdg_nodes,3,62.021605999916574,"[{""step"": 1, ""action"": ""targeted_subgraph_injection"", ""target_nodes"": [74, -1, -2, -3, 77], ""removed_edges"": [], ""added_edges"": [[74, -1, ""d""], [-1, -2, ""d""], [-2, -3, ""c""], [-3, 77, ""d""]], ""details"": ""injected a three-node key-line-feature motif around winner key line 102""}, {""step"": 2, ""action"": ""targeted_subgraph_injection"", ""target_nodes"": [74, -4, -5, -6, 77], ""removed_edges"": [], ""added_edges"": [[74, -4, ""d""], [-4, -5, ""d""], [-5, -6, ""c""], [-6, 77, ""d""]], ""details"": ""injected a three-node key-line-feature motif around winner key line 102""}, {""step"": 3, ""action"": ""targeted_subgraph_injection"", ""target_nodes"": [74, -7, -8, -9, 77], ""removed_edges"": [], ""added_edges"": [[74, -7, ""d""], [-7, -8, ""d""], [-8, -9, ""c""], [-9, 77, ""d""]], ""details"": ""injected a three-node key-line-feature motif around winner key line 102""}]",
07_non-vulnerable_41,targeted_subgraph_injection,5,bad,0,1,success,0,0,False,False,0.0005112715298309922,0.0005112715298309922,0.0,14,29,15,16,36,20,5,5,call,102,0,5,nearest_pdg_nodes,5,38.76400299998295,"[{""step"": 1, ""action"": ""targeted_subgraph_injection"", ""target_nodes"": [74, -1, -2, -3, 77], ""removed_edges"": [], ""added_edges"": [[74, -1, ""d""], [-1, -2, ""d""], [-2, -3, ""c""], [-3, 77, ""d""]], ""details"": ""injected a three-node key-line-feature motif around winner key line 102""}, {""step"": 2, ""action"": ""targeted_subgraph_injection"", ""target_nodes"": [74, -4, -5, -6, 77], ""removed_edges"": [], ""added_edges"": [[74, -4, ""d""], [-4, -5, ""d""], [-5, -6, ""c""], [-6, 77, ""d""]], ""details"": ""injected a three-node key-line-feature motif around winner key line 102""}, {""step"": 3, ""action"": ""targeted_subgraph_injection"", ""target_nodes"": [74, -7, -8, -9, 77], ""removed_edges"": [], ""added_edges"": [[74, -7, ""d""], [-7, -8, ""d""], [-8, -9, ""c""], [-9, 77, ""d""]], ""details"": ""injected a three-node key-line-feature motif around winner key line 102""}, {""step"": 4, ""action"": ""targeted_subgraph_injection"", ""target_nodes"": [74, -10, -11, -12, 77], ""removed_edges"": [], ""added_edges"": [[74, -10, ""d""], [-10, -11, ""d""], [-11, -12, ""c""], [-12, 77, ""d""]], ""details"": ""injected a three-node key-line-feature motif around winner key line 102""}, {""step"": 5, ""action"": ""targeted_subgraph_injection"", ""target_nodes"": [74, -13, -14, -15, 77], ""removed_edges"": [], ""added_edges"": [[74, -13, ""d""], [-13, -14, ""d""], [-14, -15, ""c""], [-15, 77, ""d""]], ""details"": ""injected a three-node key-line-feature motif around winner key line 102""}]",
08_non-vulnerable_32,winner_xfg_edge_attack,1,CWE122_Heap_Based_Buffer_Overflow__c_CWE805_int64_t_memcpy_68_bad,0,1,success,0,0,False,False,0.0005112715298309922,0.0005112715298309922,0.0,4,4,0,2,3,1,5,5,call,73,0,4,nearest_pdg_nodes,1,25.46808800002509,"[{""step"": 1, ""action"": ""winner_xfg_edge_attack"", ""target_nodes"": [51, 50], ""removed_edges"": [], ""added_edges"": [[51, 50, ""d""]], ""details"": ""bridged winner-XFG d edge 51->50 to increase the vulnerable score""}]",
08_non-vulnerable_32,winner_xfg_edge_attack,3,CWE122_Heap_Based_Buffer_Overflow__c_CWE805_int64_t_memcpy_68_bad,0,1,success,0,0,False,False,0.0005112715298309922,0.025402717292308807,0.024891445762477815,4,4,0,2,5,3,5,5,call,73,0,4,nearest_pdg_nodes,3,26.479027000050337,"[{""step"": 1, ""action"": ""winner_xfg_edge_attack"", ""target_nodes"": [51, 50], ""removed_edges"": [], ""added_edges"": [[51, 50, ""d""]], ""details"": ""bridged winner-XFG d edge 51->50 to increase the vulnerable score""}, {""step"": 2, ""action"": ""winner_xfg_edge_attack"", ""target_nodes"": [51, 32], ""removed_edges"": [], ""added_edges"": [[51, 32, ""d""]], ""details"": ""bridged winner-XFG d edge 51->32 to increase the vulnerable score""}, {""step"": 3, ""action"": ""winner_xfg_edge_attack"", ""target_nodes"": [32, 51], ""removed_edges"": [], ""added_edges"": [[32, 51, ""d""]], ""details"": ""bridged winner-XFG d edge 32->51 to increase the vulnerable score""}]",
08_non-vulnerable_32,winner_xfg_edge_attack,5,CWE122_Heap_Based_Buffer_Overflow__c_CWE805_int64_t_memcpy_68_bad,0,1,success,0,0,False,False,0.0005112715298309922,0.025043044239282608,0.024531772709451616,4,4,0,2,7,5,5,5,call,73,0,4,nearest_pdg_nodes,5,29.55834700003379,"[{""step"": 1, ""action"": ""winner_xfg_edge_attack"", ""target_nodes"": [51, 50], ""removed_edges"": [], ""added_edges"": [[51, 50, ""d""]], ""details"": ""bridged winner-XFG d edge 51->50 to increase the vulnerable score""}, {""step"": 2, ""action"": ""winner_xfg_edge_attack"", ""target_nodes"": [51, 32], ""removed_edges"": [], ""added_edges"": [[51, 32, ""d""]], ""details"": ""bridged winner-XFG d edge 51->32 to increase the vulnerable score""}, {""step"": 3, ""action"": ""winner_xfg_edge_attack"", ""target_nodes"": [32, 51], ""removed_edges"": [], ""added_edges"": [[32, 51, ""d""]], ""details"": ""bridged winner-XFG d edge 32->51 to increase the vulnerable score""}, {""step"": 4, ""action"": ""winner_xfg_edge_attack"", ""target_nodes"": [51, 33], ""removed_edges"": [], ""added_edges"": [[51, 33, ""d""]], ""details"": ""bridged winner-XFG d edge 51->33 to increase the vulnerable score""}, {""step"": 5, ""action"": ""winner_xfg_edge_attack"", ""target_nodes"": [33, 51], ""removed_edges"": [], ""added_edges"": [[33, 51, ""d""]], ""details"": ""bridged winner-XFG d edge 33->51 to increase the vulnerable score""}]",
08_non-vulnerable_32,winner_xfg_feature_mask,1,CWE122_Heap_Based_Buffer_Overflow__c_CWE805_int64_t_memcpy_68_bad,0,1,success,0,0,False,False,0.0005112715298309922,0.0005112715298309922,0.0,4,4,0,2,2,0,5,5,call,73,0,4,nearest_pdg_nodes,1,27.559169000028305,"[{""step"": 1, ""action"": ""winner_xfg_feature_mask"", ""target_nodes"": [51], ""removed_edges"": [], ""added_edges"": [], ""details"": ""remapped winner-XFG node 51 from source line 51 to key-line line 73""}]",
08_non-vulnerable_32,winner_xfg_feature_mask,3,CWE122_Heap_Based_Buffer_Overflow__c_CWE805_int64_t_memcpy_68_bad,0,1,success,0,0,False,False,0.0005112715298309922,0.0005112715298309922,0.0,4,4,0,2,2,0,5,5,call,73,0,4,nearest_pdg_nodes,2,22.532274000013786,"[{""step"": 1, ""action"": ""winner_xfg_feature_mask"", ""target_nodes"": [51], ""removed_edges"": [], ""added_edges"": [], ""details"": ""remapped winner-XFG node 51 from source line 51 to key-line line 73""}, {""step"": 2, ""action"": ""winner_xfg_feature_mask"", ""target_nodes"": [33], ""removed_edges"": [], ""added_edges"": [], ""details"": ""remapped winner-XFG node 33 from source line 33 to key-line line 73""}]",
08_non-vulnerable_32,winner_xfg_feature_mask,5,CWE122_Heap_Based_Buffer_Overflow__c_CWE805_int64_t_memcpy_68_bad,0,1,success,0,0,False,False,0.0005112715298309922,0.0005112715298309922,0.0,4,4,0,2,2,0,5,5,call,73,0,4,nearest_pdg_nodes,2,33.27308999996603,"[{""step"": 1, ""action"": ""winner_xfg_feature_mask"", ""target_nodes"": [51], ""removed_edges"": [], ""added_edges"": [], ""details"": ""remapped winner-XFG node 51 from source line 51 to key-line line 73""}, {""step"": 2, ""action"": ""winner_xfg_feature_mask"", ""target_nodes"": [33], ""removed_edges"": [], ""added_edges"": [], ""details"": ""remapped winner-XFG node 33 from source line 33 to key-line line 73""}]",
08_non-vulnerable_32,targeted_subgraph_injection,1,CWE122_Heap_Based_Buffer_Overflow__c_CWE805_int64_t_memcpy_68_bad,0,1,success,0,0,False,False,0.0005112715298309922,0.0005112715298309922,0.0,4,7,3,2,6,4,5,5,call,73,0,4,nearest_pdg_nodes,1,22.601475999977083,"[{""step"": 1, ""action"": ""targeted_subgraph_injection"", ""target_nodes"": [50, -1, -2, -3, 51], ""removed_edges"": [], ""added_edges"": [[50, -1, ""d""], [-1, -2, ""d""], [-2, -3, ""c""], [-3, 51, ""d""]], ""details"": ""injected a three-node key-line-feature motif around winner key line 73""}]",
08_non-vulnerable_32,targeted_subgraph_injection,3,CWE122_Heap_Based_Buffer_Overflow__c_CWE805_int64_t_memcpy_68_bad,0,1,success,0,0,False,False,0.0005112715298309922,0.0005112715298309922,0.0,4,13,9,2,14,12,5,5,call,73,0,4,nearest_pdg_nodes,3,27.94538399996327,"[{""step"": 1, ""action"": ""targeted_subgraph_injection"", ""target_nodes"": [50, -1, -2, -3, 51], ""removed_edges"": [], ""added_edges"": [[50, -1, ""d""], [-1, -2, ""d""], [-2, -3, ""c""], [-3, 51, ""d""]], ""details"": ""injected a three-node key-line-feature motif around winner key line 73""}, {""step"": 2, ""action"": ""targeted_subgraph_injection"", ""target_nodes"": [50, -4, -5, -6, 51], ""removed_edges"": [], ""added_edges"": [[50, -4, ""d""], [-4, -5, ""d""], [-5, -6, ""c""], [-6, 51, ""d""]], ""details"": ""injected a three-node key-line-feature motif around winner key line 73""}, {""step"": 3, ""action"": ""targeted_subgraph_injection"", ""target_nodes"": [50, -7, -8, -9, 51], ""removed_edges"": [], ""added_edges"": [[50, -7, ""d""], [-7, -8, ""d""], [-8, -9, ""c""], [-9, 51, ""d""]], ""details"": ""injected a three-node key-line-feature motif around winner key line 73""}]",
08_non-vulnerable_32,targeted_subgraph_injection,5,CWE122_Heap_Based_Buffer_Overflow__c_CWE805_int64_t_memcpy_68_bad,0,1,success,0,0,False,False,0.0005112715298309922,0.0005112715298309922,0.0,4,19,15,2,22,20,5,5,call,73,0,4,nearest_pdg_nodes,5,37.405151000029946,"[{""step"": 1, ""action"": ""targeted_subgraph_injection"", ""target_nodes"": [50, -1, -2, -3, 51], ""removed_edges"": [], ""added_edges"": [[50, -1, ""d""], [-1, -2, ""d""], [-2, -3, ""c""], [-3, 51, ""d""]], ""details"": ""injected a three-node key-line-feature motif around winner key line 73""}, {""step"": 2, ""action"": ""targeted_subgraph_injection"", ""target_nodes"": [50, -4, -5, -6, 51], ""removed_edges"": [], ""added_edges"": [[50, -4, ""d""], [-4, -5, ""d""], [-5, -6, ""c""], [-6, 51, ""d""]], ""details"": ""injected a three-node key-line-feature motif around winner key line 73""}, {""step"": 3, ""action"": ""targeted_subgraph_injection"", ""target_nodes"": [50, -7, -8, -9, 51], ""removed_edges"": [], ""added_edges"": [[50, -7, ""d""], [-7, -8, ""d""], [-8, -9, ""c""], [-9, 51, ""d""]], ""details"": ""injected a three-node key-line-feature motif around winner key line 73""}, {""step"": 4, ""action"": ""targeted_subgraph_injection"", ""target_nodes"": [50, -10, -11, -12, 51], ""removed_edges"": [], ""added_edges"": [[50, -10, ""d""], [-10, -11, ""d""], [-11, -12, ""c""], [-12, 51, ""d""]], ""details"": ""injected a three-node key-line-feature motif around winner key line 73""}, {""step"": 5, ""action"": ""targeted_subgraph_injection"", ""target_nodes"": [50, -13, -14, -15, 51], ""removed_edges"": [], ""added_edges"": [[50, -13, ""d""], [-13, -14, ""d""], [-14, -15, ""c""], [-15, 51, ""d""]], ""details"": ""injected a three-node key-line-feature motif around winner key line 73""}]",
