start	end	type	var
6	7	IS_AST_PARENT	
6	8	IS_AST_PARENT	
9	10	IS_AST_PARENT	
11	12	IS_AST_PARENT	
11	13	IS_AST_PARENT	
9	11	IS_AST_PARENT	
6	9	IS_AST_PARENT	
5	6	IS_AST_PARENT	
4	5	IS_AST_PARENT	
16	17	IS_AST_PARENT	
16	18	IS_AST_PARENT	
16	19	IS_AST_PARENT	
15	16	IS_AST_PARENT	
14	15	IS_AST_PARENT	
14	20	IS_AST_PARENT	
14	21	IS_AST_PARENT	
14	22	IS_AST_PARENT	
14	23	IS_AST_PARENT	
14	24	IS_AST_PARENT	
14	25	IS_AST_PARENT	
14	26	IS_AST_PARENT	
14	27	IS_AST_PARENT	
14	28	IS_AST_PARENT	
14	29	IS_AST_PARENT	
14	30	IS_AST_PARENT	
14	31	IS_AST_PARENT	
14	32	IS_AST_PARENT	
14	33	IS_AST_PARENT	
14	34	IS_AST_PARENT	
14	35	IS_AST_PARENT	
14	36	IS_AST_PARENT	
14	37	IS_AST_PARENT	
14	38	IS_AST_PARENT	
14	39	IS_AST_PARENT	
40	41	IS_AST_PARENT	
14	40	IS_AST_PARENT	
43	44	IS_AST_PARENT	
42	43	IS_AST_PARENT	
48	49	IS_AST_PARENT	
47	48	IS_AST_PARENT	
51	52	IS_AST_PARENT	
50	51	IS_AST_PARENT	
53	54	IS_AST_PARENT	
50	53	IS_AST_PARENT	
47	50	IS_AST_PARENT	
46	47	IS_AST_PARENT	
45	46	IS_AST_PARENT	
42	45	IS_AST_PARENT	
14	42	IS_AST_PARENT	
56	57	IS_AST_PARENT	
55	56	IS_AST_PARENT	
61	62	IS_AST_PARENT	
60	61	IS_AST_PARENT	
64	65	IS_AST_PARENT	
63	64	IS_AST_PARENT	
60	63	IS_AST_PARENT	
59	60	IS_AST_PARENT	
58	59	IS_AST_PARENT	
55	58	IS_AST_PARENT	
14	55	IS_AST_PARENT	
67	68	IS_AST_PARENT	
66	67	IS_AST_PARENT	
69	70	IS_AST_PARENT	
69	71	IS_AST_PARENT	
69	72	IS_AST_PARENT	
73	74	IS_AST_PARENT	
69	73	IS_AST_PARENT	
66	69	IS_AST_PARENT	
14	66	IS_AST_PARENT	
4	14	IS_AST_PARENT	
3	4	IS_AST_PARENT	
3	75	IS_AST_PARENT	
3	76	IS_AST_PARENT	
78	79	IS_AST_PARENT	
78	80	IS_AST_PARENT	
77	78	IS_AST_PARENT	
3	77	IS_AST_PARENT	
81	78	FLOWS_TO	
78	5	FLOWS_TO	
5	15	FLOWS_TO	
15	20	FLOWS_TO	
20	21	FLOWS_TO	
21	22	FLOWS_TO	
22	23	FLOWS_TO	
23	24	FLOWS_TO	
24	25	FLOWS_TO	
25	26	FLOWS_TO	
26	27	FLOWS_TO	
27	28	FLOWS_TO	
28	29	FLOWS_TO	
29	30	FLOWS_TO	
30	31	FLOWS_TO	
31	32	FLOWS_TO	
32	33	FLOWS_TO	
33	34	FLOWS_TO	
34	35	FLOWS_TO	
35	36	FLOWS_TO	
36	37	FLOWS_TO	
37	38	FLOWS_TO	
38	39	FLOWS_TO	
39	40	FLOWS_TO	
40	43	FLOWS_TO	
43	46	FLOWS_TO	
43	56	FLOWS_TO	
46	56	FLOWS_TO	
56	59	FLOWS_TO	
56	67	FLOWS_TO	
59	67	FLOWS_TO	
67	70	FLOWS_TO	
67	82	FLOWS_TO	
70	71	FLOWS_TO	
71	72	FLOWS_TO	
72	73	FLOWS_TO	
73	82	FLOWS_TO	
5	83	DEF	
9	83	DEF	
6	83	DEF	
46	83	USE	
51	83	USE	
59	83	USE	
64	83	USE	
15	84	DEF	
16	84	DEF	
46	84	USE	
53	84	USE	
78	85	DEF	
5	85	USE	
11	85	USE	
5	86	USE	
9	86	USE	
5	46	REACHES	data
5	59	REACHES	data
15	46	REACHES	source
78	5	REACHES	dataVector
81	78	CONTROLS	
81	5	CONTROLS	
81	15	CONTROLS	
81	20	CONTROLS	
81	21	CONTROLS	
81	22	CONTROLS	
81	23	CONTROLS	
81	24	CONTROLS	
81	25	CONTROLS	
81	26	CONTROLS	
81	27	CONTROLS	
81	28	CONTROLS	
81	29	CONTROLS	
81	30	CONTROLS	
81	31	CONTROLS	
81	32	CONTROLS	
81	33	CONTROLS	
81	34	CONTROLS	
81	35	CONTROLS	
81	36	CONTROLS	
81	37	CONTROLS	
81	38	CONTROLS	
81	39	CONTROLS	
81	40	CONTROLS	
81	43	CONTROLS	
81	56	CONTROLS	
81	67	CONTROLS	
43	46	CONTROLS	
56	59	CONTROLS	
67	70	CONTROLS	
67	71	CONTROLS	
67	72	CONTROLS	
67	73	CONTROLS	
21	22	DOM	
24	25	DOM	
22	23	DOM	
31	32	DOM	
43	46	DOM	
35	36	DOM	
56	67	DOM	
72	73	DOM	
26	27	DOM	
81	81	DOM	
20	21	DOM	
23	24	DOM	
32	33	DOM	
39	40	DOM	
78	5	DOM	
36	37	DOM	
67	82	DOM	
34	35	DOM	
56	59	DOM	
5	15	DOM	
37	38	DOM	
15	20	DOM	
25	26	DOM	
30	31	DOM	
38	39	DOM	
28	29	DOM	
70	71	DOM	
40	43	DOM	
29	30	DOM	
81	78	DOM	
27	28	DOM	
33	34	DOM	
71	72	DOM	
67	70	DOM	
43	56	DOM	
23	22	POST_DOM	
26	25	POST_DOM	
24	23	POST_DOM	
33	32	POST_DOM	
56	46	POST_DOM	
37	36	POST_DOM	
82	67	POST_DOM	
82	73	POST_DOM	
28	27	POST_DOM	
78	81	POST_DOM	
43	40	POST_DOM	
34	33	POST_DOM	
25	24	POST_DOM	
22	21	POST_DOM	
82	82	POST_DOM	
38	37	POST_DOM	
15	5	POST_DOM	
36	35	POST_DOM	
67	59	POST_DOM	
20	15	POST_DOM	
39	38	POST_DOM	
21	20	POST_DOM	
27	26	POST_DOM	
32	31	POST_DOM	
40	39	POST_DOM	
30	29	POST_DOM	
72	71	POST_DOM	
56	43	POST_DOM	
31	30	POST_DOM	
29	28	POST_DOM	
5	78	POST_DOM	
35	34	POST_DOM	
73	72	POST_DOM	
71	70	POST_DOM	
67	56	POST_DOM	
2	3	IS_FUNCTION_OF_AST	
2	81	IS_FUNCTION_OF_CFG	
1	2	IS_FILE_OF	
91	92	IS_AST_PARENT	
91	93	IS_AST_PARENT	
94	95	IS_AST_PARENT	
96	97	IS_AST_PARENT	
96	98	IS_AST_PARENT	
94	96	IS_AST_PARENT	
91	94	IS_AST_PARENT	
90	91	IS_AST_PARENT	
89	90	IS_AST_PARENT	
101	102	IS_AST_PARENT	
101	103	IS_AST_PARENT	
101	104	IS_AST_PARENT	
100	101	IS_AST_PARENT	
99	100	IS_AST_PARENT	
99	105	IS_AST_PARENT	
99	106	IS_AST_PARENT	
99	107	IS_AST_PARENT	
99	108	IS_AST_PARENT	
99	109	IS_AST_PARENT	
99	110	IS_AST_PARENT	
99	111	IS_AST_PARENT	
99	112	IS_AST_PARENT	
99	113	IS_AST_PARENT	
99	114	IS_AST_PARENT	
99	115	IS_AST_PARENT	
99	116	IS_AST_PARENT	
99	117	IS_AST_PARENT	
99	118	IS_AST_PARENT	
99	119	IS_AST_PARENT	
99	120	IS_AST_PARENT	
99	121	IS_AST_PARENT	
99	122	IS_AST_PARENT	
99	123	IS_AST_PARENT	
99	124	IS_AST_PARENT	
125	126	IS_AST_PARENT	
99	125	IS_AST_PARENT	
129	130	IS_AST_PARENT	
128	129	IS_AST_PARENT	
132	133	IS_AST_PARENT	
131	132	IS_AST_PARENT	
134	135	IS_AST_PARENT	
131	134	IS_AST_PARENT	
128	131	IS_AST_PARENT	
127	128	IS_AST_PARENT	
99	127	IS_AST_PARENT	
138	139	IS_AST_PARENT	
137	138	IS_AST_PARENT	
141	142	IS_AST_PARENT	
140	141	IS_AST_PARENT	
137	140	IS_AST_PARENT	
136	137	IS_AST_PARENT	
99	136	IS_AST_PARENT	
99	143	IS_AST_PARENT	
99	144	IS_AST_PARENT	
99	145	IS_AST_PARENT	
146	147	IS_AST_PARENT	
99	146	IS_AST_PARENT	
89	99	IS_AST_PARENT	
88	89	IS_AST_PARENT	
88	148	IS_AST_PARENT	
88	149	IS_AST_PARENT	
151	152	IS_AST_PARENT	
151	153	IS_AST_PARENT	
150	151	IS_AST_PARENT	
88	150	IS_AST_PARENT	
154	151	FLOWS_TO	
151	90	FLOWS_TO	
90	100	FLOWS_TO	
100	105	FLOWS_TO	
105	106	FLOWS_TO	
106	107	FLOWS_TO	
107	108	FLOWS_TO	
108	109	FLOWS_TO	
109	110	FLOWS_TO	
110	111	FLOWS_TO	
111	112	FLOWS_TO	
112	113	FLOWS_TO	
113	114	FLOWS_TO	
114	115	FLOWS_TO	
115	116	FLOWS_TO	
116	117	FLOWS_TO	
117	118	FLOWS_TO	
118	119	FLOWS_TO	
119	120	FLOWS_TO	
120	121	FLOWS_TO	
121	122	FLOWS_TO	
122	123	FLOWS_TO	
123	124	FLOWS_TO	
124	125	FLOWS_TO	
125	127	FLOWS_TO	
127	136	FLOWS_TO	
136	143	FLOWS_TO	
143	144	FLOWS_TO	
144	145	FLOWS_TO	
145	146	FLOWS_TO	
146	155	FLOWS_TO	
90	156	DEF	
94	156	DEF	
91	156	DEF	
127	156	USE	
132	156	USE	
136	156	USE	
141	156	USE	
100	157	DEF	
101	157	DEF	
127	157	USE	
134	157	USE	
151	158	DEF	
90	158	USE	
96	158	USE	
90	159	USE	
94	159	USE	
90	127	REACHES	data
90	136	REACHES	data
100	127	REACHES	source
151	90	REACHES	dataVector
154	151	CONTROLS	
154	90	CONTROLS	
154	100	CONTROLS	
154	105	CONTROLS	
154	106	CONTROLS	
154	107	CONTROLS	
154	108	CONTROLS	
154	109	CONTROLS	
154	110	CONTROLS	
154	111	CONTROLS	
154	112	CONTROLS	
154	113	CONTROLS	
154	114	CONTROLS	
154	115	CONTROLS	
154	116	CONTROLS	
154	117	CONTROLS	
154	118	CONTROLS	
154	119	CONTROLS	
154	120	CONTROLS	
154	121	CONTROLS	
154	122	CONTROLS	
154	123	CONTROLS	
154	124	CONTROLS	
154	125	CONTROLS	
154	127	CONTROLS	
154	136	CONTROLS	
154	143	CONTROLS	
154	144	CONTROLS	
154	145	CONTROLS	
154	146	CONTROLS	
116	117	DOM	
154	151	DOM	
110	111	DOM	
123	124	DOM	
125	127	DOM	
118	119	DOM	
107	108	DOM	
113	114	DOM	
112	113	DOM	
154	154	DOM	
105	106	DOM	
114	115	DOM	
120	121	DOM	
115	116	DOM	
124	125	DOM	
109	110	DOM	
151	90	DOM	
143	144	DOM	
106	107	DOM	
127	136	DOM	
111	112	DOM	
144	145	DOM	
121	122	DOM	
146	155	DOM	
145	146	DOM	
90	100	DOM	
122	123	DOM	
100	105	DOM	
119	120	DOM	
117	118	DOM	
108	109	DOM	
136	143	DOM	
118	117	POST_DOM	
90	151	POST_DOM	
125	124	POST_DOM	
112	111	POST_DOM	
136	127	POST_DOM	
120	119	POST_DOM	
109	108	POST_DOM	
115	114	POST_DOM	
114	113	POST_DOM	
151	154	POST_DOM	
122	121	POST_DOM	
116	115	POST_DOM	
107	106	POST_DOM	
117	116	POST_DOM	
127	125	POST_DOM	
111	110	POST_DOM	
100	90	POST_DOM	
145	144	POST_DOM	
143	136	POST_DOM	
108	107	POST_DOM	
113	112	POST_DOM	
146	145	POST_DOM	
155	155	POST_DOM	
123	122	POST_DOM	
155	146	POST_DOM	
124	123	POST_DOM	
105	100	POST_DOM	
106	105	POST_DOM	
121	120	POST_DOM	
119	118	POST_DOM	
110	109	POST_DOM	
144	143	POST_DOM	
87	88	IS_FUNCTION_OF_AST	
87	154	IS_FUNCTION_OF_CFG	
1	87	IS_FILE_OF	
